단어,adj,noun,verb,adv,prep
annual,"연례의, 매년의",,,,
rental,,"대여, 임대",,,
proceeds,,수익(금),,,
deliver,,,"배송하다, 배달하다, 전달하다, (연설이나 강연 등을) 하다",,
refund,,환불,환불하다,,
enclose,,,"동봉하다, 둘러싸다",,
vibrant,활기찬,,,,
previous,"이전의, 사전의",,,,
exceptional,"특별한, 예외적인",,,,
valuable,"소중한, 가치 있는, 귀중한",,,,
insight,,"식견, 통찰(력)",,,
toss,,,"던져 넣다, 던지다",,
register,,계산대,"등록하다, 기록하다, 알아채다",,
abandon,,,"포기하다, 버리다",,
reassure,,,안심시키다,,
overwhelm,,,"몹시 감격하게 하다, 압도하다",,
barefoot,맨발의,,,맨발로,
moss,,이끼,,,
patch,,"조각, 부분",,,
hum,,윙윙거리는 소리,"콧노래를 부르다, 윙윙거리다",,
wander,,,"(마음이나 생각이) 산만해지다, 떠돌다, 돌아다니다",,
sculpture,,"조각품, 조각상",,,
exhibition,,전시회,,,
appreciate,,,"감상하다, 이해하다, 인정하다, 감사하다",,
explore,,,"탐구하다, 둘러보다, 탐험하다, 답사하다",,
unconsciousness,,무의식,,,
shallow,"얕은, 피상적인",,,,
eyelid,,눈꺼풀,,,
astonishment,,놀라움,,,
presence,,"있음, 존재함, 존재감",,,
prevalence,,"널리 퍼짐, 유행, 보급",,,
packaging,,"포장재, 포장",,,
coin,,동전,(새로운 낱말이나 어구를) 만들다,,
adverse,"부정적인, 불리한",,,,
shrink,,,"줄어들다, 작아지다",,
interpret,,,"해석하다, 설명하다",,
express,,,표현하다,,
compliment,,칭찬,칭찬하다,,
positive,"긍정적인, 확신하는, 양성의",,,,
duration,,"지속[소요] 시간, 지속 (상태)",,,
subsequent,"그다음의, 그 이후의, 뒤의",,,,
gloomy,우울한,,,,
continuous,"계속되는, (계속) 이어지는, 지속적인",,,,
define,,,"규정하다, 정의하다",,
impose,,,"부여하다, 시행하다, 부과하다",,
urge,,"욕구, 충동","권고하다, 촉구하다",,
variation,,"변화, 차이",,,
overcome,,,극복하다,,
address,,주소,"다루다, 해결하다, 처리하다",,
prompt,,"촉진제, 프롬프트","유도하다, 촉발하다, 자극하다",,
comfy,편안한,,,,
luxury,,"호사, 사치(품), 만족",,,
toolkit,,"도구, 도구 세트",,,
promote,,,"증진하다, 촉진하다, 홍보하다, 승진시키다",,
tackle,,,"다루다, 처리하다",,
ethical,윤리적인,,,,
crisis,,위기,,,
contradict,,,"어긋나다, 모순되다, 반박하다",,
adaptation,,"적응(력), 순응",,,
frustration,,좌절,,,
approximation,,"근사치, 근접",,,
discourse,,"담론, 담화",,,
pollster,,"여론 조사원, 여론 조사 기관",,,
methodology,,방법론,,,
tolerate,,,"용인하다, 참다",,
pen,,"(가축의) 우리, 펜",,,
domestication,,가축화,,,
breed,,,"사육하다, 번식하다",,
blend,,"조합, 혼합","혼합하다, 섞다",,
acknowledgment,,"인정, 시인",,,
considerable,상당한,,,,
derivative,파생적인,,,,
impulse,,"충동, 자극",,,
deliberate,"의도적인, 신중한",,숙고하다,,
reflective,"성찰적인, 숙고하는",,,,
reverse,반대의,반대,"되돌리다, 거꾸로 하다, 뒤집다",,
detect,,,"감지하다, 탐지하다, 발견하다",,
intensive,"집약적인, 집중적인",,,,
instantaneous,즉각적인,,,,
respective,"각각의, 각자의",,,,
portray,,,"묘사하다, 표현하다, 연기하다",,
depict,,,"묘사하다, 그리다",,
crucial,"매우 중요한, 결정적인",,,,
barrier,,장벽,,,
favor,,"부탁, 호의, 친절","선호하다, 찬성하다",,
stereotype,,고정 관념,고정 관념을 형성하다,,
evaluate,,,평가하다,,
impression,,인상,,,
maintain,,,"유지하다, 주장하다",,
numerous,"수많은, 다수의",,,,
costly,"대가가 큰, 많은 비용이 드는, 값비싼",,,,
humiliation,,"굴욕, 수치심",,,
elimination,,"제거, 배제",,,
emergence,,"등장, 출현",,,
consequence,,"결과, 영향(력)",,,
exclusion,,"배제, 제외",,,
analysis,,분석,,,
motive,,동기,,,
demonstrate,,,"설명하다, 보여 주다, 입증하다",,
construct,,구성체,"지어 주다, 건설하다",,
medium,중간의,"매개체, 매체",,,
proper,"적절한, 적합한",,,,
measure,,"척도, 기준, 조치","측정하다, 측량하다",,
slight,"약간의, 작은, 경미한",,,,
format,,"방식, 형식, 포맷",,,
witness,,"목격자, 증인","보다, 목격하다",,
tropical,열대의,,,,
feature,,"특징, 특색, 특집 기사",특별히 다루다[포함하다],,
expenditure,,"지출, 소비",,,
exceed,,,"초과하다, 넘다",,
constitute,,,"차지하다, 구성하다",,
report,,"보고(서), 보도","말하다, 보고하다, 알리다, 보도하다",,
edge,,"끝자락, 경계, 가장자리, 모서리",,,
assistant,,조수,,,
official,공식적인,"관리, 공무원",,,
ridicule,,"조롱, 비웃음","조롱하다, 비웃다",,
enormous,"막대한, 엄청난, 거대한",,,,
occupy,,,"거주하다, 점령하다, 차지하다, 가지다",,
priest,,사제,,,
region,,"지역, 영역",,,
overrun,,,"점령하다, 급속히 퍼지다",,
receive,,,"받다, 받아들이다",,
enthusiastic,"열성적인, 열광하는, 열정적인",,,,
publish,,,"발표하다, 출판하다, 간행하다",,
logician,,논리학자,,,
found,,,"설립하다, 세우다",,
scholarship,,장학금,,,
interrupt,,,"중단시키다, 방해하다, 가로막다",,
decode,,,해독하다,,
relive,,,"되살리다, 재현하다",,
gather,,,모으다,,
equipment,,장비,,,
maximum,최대의,최대,,,
fee,,"참가비, 요금",,,
engaging,매력적인,,,,
submission,,제출,,,
location,,"장소, 지역, 위치",,,
induce,,,"유도하다, 설득하다",,
vague,"모호한, 애매한",,,,
sponsor,,"스폰서, 후원자",후원하다,,
ecological,"친환경적인, 생태(학)의, 생태계의",,,,
suspect,의심스러운,"용의자, 혐의자","~일 것이라고 생각하다, 의심하다",,
convey,,,전달하다,,
compression,,압축,,,
vertical,"수직적인, 수직의",,,,
distinct,"별개의, 독특한, 명백한",,,,
comprehension,,이해(력),,,
recollect,,,기억하다,,
actual,실제의,,,,
store,,상점,저장하다,,
fundamental,근본적인,,,,
involve,,,"수반하다, 포함하다, 관련시키다",,
means,,"수단, 방법",,,
derive,,,"얻다, 끌어내다",,
desire,,"욕구, 욕망, 바람","원하다, 바라다",,
compel,,,강요하다,,
consume,,,"섭취하다, 소비하다",,
outweigh,,,~보다 더 크다,,
hindrance,,"장애(물), 방해(물)",,,
virtual,가상의,,,,
monetary,"화폐의, 금전적인",,,,
scope,,"범주, 범위, 기회",,,
coordination,,"조직화, 협응력, 협력, 조정",,,
anew,,,,"새롭게, 새로이, (처음부터) 다시",
familiarity,,"익숙함, 친밀함",,,
prime,"가장 중요한, 주요한",,,,
conclude,,,결론짓다,,
induction,,"귀납 추리, 귀납적 추정, 유도",,,
occurrence,,"현상, 사건, 발생",,,
prevail,,,"널리 퍼지다, 우세하다",,
obscure,"이해하기 어려운, 모호한",,,,
manual,손으로 하는,"매뉴얼, 설명서",,,
innovation,,혁신,,,
device,,"기기, 장치",,,
facilitate,,,"촉진하다, 용이하게 하다",,
relieve,,,"완화하다, 덜다",,
afford,,,"제공하다, 여유가 있다",,
virtue,,"미덕, 덕목, 장점",,,
possess,,,"소유하다, 가지고 있다",,
capacity,,능력,,,
endow,,,(재능이나 자질 등을) 부여하다,,
excel,,,"탁월하다, 뛰어나다",,
differentiate,,,"구별하다, 차별화하다",,
chronic,"상습적인, 만성의",,,,
genuine,"진심 어린, 진정성 있는",,,,
avid,열렬한,,,,
disinterest,,무관심,,,
fault,,잘못,,,
inexcusable,변명할 수 없는,,,,
comment,,"말, 언급, 댓글, 논평","논평하다, 해설하다",,
valid,"타당한, 유효한",,,,
lack,,"부족, 결핍","(~이) 없다, 부족하다",,
monitor,,,"모니터링하다, 추적 관찰하다, 감시하다",,
status,,"상태, 지위, 신분",,,
preventive,"예방의, 예방용의",,,,
skyrocket,,,급등하다,,
evolve,,,"진화하다, 발전하다",,
lower,,,낮추다,,
sensation,,감각,,,
reproductive,"번식의, 생식의",,,,
mental,정신적인,,,,
impact,,영향,,,
disadvantaged,"(경제적으로) 어려운, 가난한",,,,
suitable,"적합한, 적절한",,,,
access,,접근성,접근하다,,
venue,,"(스포츠) 경기장, 행사장, 장소",,,
bother,,,"괴롭히다, 성가시게 하다",,
dietetic,"식이 요법용의, 영양학의",,,,
burden,,"짐, 부담",,,
embarrassment,,"창피함, 당황, 당혹감",,,
vary,,,"다양하다, 다르다, 변하다",,
discrimination,,"차별, 구별",,,
myth,,"근거 없는 통념, 신화",,,
thrive,,,"번성하다, 번영하다",,
efficient,효율적인,,,,
calculation,,계산,,,
document,,"문서, 서류","기록하다, 문서로 입증하다",,
ingenuity,,"독창성, 재간",,,
organic,유기농의,,,,
fatten,,,살찌우다,,
strict,엄격한,,,,
barn,,"축사, 외양간",,,
mound,,(흙)더미,,,
assemble,,,"소집하다, 조립하다, 모으다",,
gigantic,거대한,,,,
delegate,,"대표(자), 사절",,,
intense,"열성적인, 강렬한, 치열한",,,,
bitter,"격렬한, 쓰라린",,,,
term,,"용어, 학기, 기간",,,
trace,,"흔적, 자취",추적하다,,
candidate,,"후보, 지원자",,,
representation,,"표상, 표현, 묘사, 대표, 대리",,,
signify,,,"의미하다, 나타내다",,
comparison,,비교,,,
plasticity,,"유연성, 가소성",,,
constant,"변함없는, 계속하는, 지속적인, 일정한",,,,
trigger,,,"일으키다, 촉발하다, 유발하다",,
secondary,"이차적인, 부수적인, 부차적인",,,,
intake,,"들이쉬기, 섭취",,,
specialist,,전문가,,,
intrinsic,"본질적인, 내재적인",,,,
interdisciplinary,"여러 분야가 융합된, 학제 간의",,,,
subtlety,,"(주로 복수로) 중요한 세부 요소, 미묘함",,,
collaboration,,"협력, 협업, 협동",,,
count,,,"중요하다, 세다",,
localized,"국지적인, 지역적인",,,,
exist,,,"존재하다, (특수한 조건이나 장소에) 남아 있다",,
territory,,"영토, 영역",,,
conflict,,"갈등, 충돌",충돌하다,,
expose,,,"접하게 하다, 경험하게 하다",,
grant,,보조금,"주다, 지급하다, 인정하다",,
notion,,"개념, 관념",,,
divine,"신성한, 신의",신,,,
conception,,"개념, 신념, 구상",,,
replace,,,"대체하다, 대신하다",,
brilliant,뛰어난,,,,
wage,,임금,,,
preferable,"더 나은, 더 좋은",,,,
vanish,,,사라지다,,
current,현재의,,,,
employ,,,"사용하다, 고용하다",,
output,,"생산(량), 산출(량)",,,
appropriate,"적합한, 적절한",,"전용하다, 도용하다",,
shelter,,"주거지, 쉼터, 집, 은신처",,,
occupation,,"직업, 직종",,,
adopt,,,"채택하다, 입양하다",,
expand,,,"확장되다, 확장하다",,
momentary,"일시적인, 순간적인",,,,
endure,,,"인내하다, 견디다, 지속되다",,
revolution,,혁명,,,
distortion,,왜곡,,,
visual,"시각의, 시각적인",,,,
strive,,,"노력하다, 분투하다",,
linguistic,"언어적인, 언어의, 언어학의",,,,
origin,,"기원, 출신",,,
faculty,,"교수진, 능력",,,
institution,,"기관, 제도",,,
constrained,"제한된, 제약된",,,,
recruitment,,"채용, 모집",,,
alienate,,,"소외시키다, 멀어지게 만들다",,
accustomed,"익숙한, 익숙해진",,,,
bias,,"편견, 편향",,,
categorize,,,분류하다,,
criticism,,"비판, 비평",,,
inclusive,포용적인,,,,
objective,"객관적인, 객관식의",,,,
detachment,,"거리 두기, 객관성, 분리",,,
superior,"(~보다) 우세한, 우월한","상사, 상관, 상급자",,,
viewpoint,,"관점, 견해",,,
holistic,"전체론적인, 전체론의",,,,
artificial,"인위적인, 인공적인",,,,
worsen,,,"더 안 좋게 만들다, 더 나빠지다",,
neutral,중립적인,,,,
safeguard,,안전장치,보호하다,,
preach,,,"역설하다, 전파하다, 설파하다, 선교하다",,
impartiality,,"중립성, 공정성, 공평함",,,
imprint,,"각인, 흔적","각인하다, 새기다",,
casual,"무심한, 우연한",,,,
dense,"울창한, 밀집한, 빽빽한",,,,
former,"이전의, 예전의, 전자의",,,,
frequency,,"빈도, 주파수",,,
defend,,,"보호하다, 방어하다",,
reason,,"이유, 근거","판단하다, 추론하다",,
sneak,,,몰래 가다,,
cover,,"덮개, 커버","보상하다, 메우다, 덮다, 다루다, 보도하다",,
allowance,,용돈,,,
grab,,,"붙잡다, 움켜잡다, (재빨리) 먹다",,
microscope,,현미경,,,
imitate,,,"흉내 내다, 모방하다",,
lounge,,라운지[휴게실],느긋하게 앉아 있다,,
massive,"거대한, 대규모의",,,,
filter,,여과 장치,"(빛이나 소리가) 들어오다, 걸러 내다",,
insistent,"무시할 수 없게 계속되는, 고집하는",,,,
apologetic,"미안해하는, 사과하는",,,,
hesitate,,,"망설이다, 주저하다",,
navigate,,,"헤쳐 나가다, 길을 찾다, 항해하다",,
hostile,적대적인,,,,
annoyance,,"짜증, 골칫거리",,,
session,,"(특정한 활동을 위한) 시간, 기간, 학기",,,
honorable,"훌륭한, 명예로운, 존경할 만한",,,,
permanent,"영구적인, 영원한, 상설의",,,,
descendant,,"후손, 후예",,,
hospitality,,"환대, 접대",,,
disregard,,"무시, 경시","무시하다, 경시하다",,
treaty,,조약,,,
crisp,"또렷한, 바삭바삭한",,,,
upbeat,"들뜬, 낙관적인",,,,
stretch,,"(길게 뻗은) 구간, 지역","뻗다, 펴다, 스트레칭을 하다",,
decent,"괜찮은, 온당한, 적절한",,,,
invisible,보이지 않는,,,,
plough,,쟁기,쟁기로 갈다,,
attach,,,"붙이다, (중요성?의미?가치?무게 등을) 두다",,
persistent,"끊임없는, 지속적인",,,,
harvest,,수확,수확하다,,
immune,"영향을 받지 않는, 면역의",,,,
hardship,,"어려움, 고난",,,
illustrate,,,"분명히 보여 주다, 삽화를 그리다",,
geography,,"지리, 지리학, 지형",,,
intellectual,"지성을 가진, 지적인",,,,
colony,,"식민지, 군체, 군락",,,
equivalent,"(크기·가치·뜻 등이) 같은, 동등한",,,,
convert,,,"변환시키다, 전환하다",,
inspection,,"검사, 사찰",,,
contaminate,,,"오염시키다, 악영향을 미치다",,
microbiology,,미생물학,,,
refrigeration,,냉장,,,
package,,"꾸러미, 소포",포장하다,,
improve,,,"개선하다, 향상하다",,
implement,,,시행하다,,
landfill,,쓰레기 매립지,,,
prove,,,"증명하다, 입증하다",,
legislation,,"법률 제정, (제정된) 법률",,,
obtain,,,얻다,,
prevailing,"널리 퍼져 있는, 널리 유행하고 있는",,,,
represent,,,"나타내다, 표현하다",,
pose,,"태도, 자세","(위협·문제 등을) 제기하다, (그림·사진 촬영을 위해) 포즈[자세]를 취하다",,
abundance,,풍부,,,
pressure,,"압력, 압박",,,
periodic,주기적인,,,,
erosion,,"침식, 부식",,,
minimum,"최소의, 최저의","최소, 최저",,,
proceed,,,"(~에) 이르다, 진행되다",,
laboratory,,실험실,,,
phenomenon,,현상,,,
philosophy,,철학,,,
abuse,,"남용, 악용, 오용","학대하다, 혹사하다",,
obedience,,"(법률·명령의) 준수, 복종, 순종",,,
endeavor,,"노력, 애씀",,,
expensive,"비싼, 돈이 많이 드는",,,,
resentment,,"분노, 적의",,,
celebrate,,,"즐겁게 맞이하다, 기념하다, 축하하다",,
blanket,,담요,,,
passion,,열정,,,
restructure,,,"재구성하다, 구조 조정을 하다",,
authority,,"권위, 권한",,,
arise,,,"발생하다, 일어나다",,
mainstream,주류의,주류,,,
insist,,,"강요하다, 주장하다",,
flourish,,,"번영하다, 번창하다",,
discount,,할인,"무시하다, 고려에 넣지 않다, 할인하다",,
reject,,,"거부하다, 거절하다, 인정하지 않다",,
secret,"비밀의, 기밀의","비밀, 기밀",,,
formulate,,,"고안하다, 공식으로 나타내다",,
harmony,,"조화, 일치",,,
foreground,,"(그림의) 전경, 최전면",,,
amplify,,,"증폭시키다, 확대하다, 확장하다",,
dismiss,,,"일축하다, 묵살하다",,
distressed,괴로워하는,,,,
implication,,"시사점, 영향, 함축",,,
framework,,"체계, 체제, 틀, 구조",,,
estimate,,추정치,"추정하다, 평가하다",,
modest,"미미한, 겸손한, 삼가는",,,,
subsidize,,,보조금을 주다,,
consensus,,"의견 일치, 합의",,,
contribute,,,"기여하다, 기부하다, (~의) 원인이 되다",,
relationship,,"관련성, 관계",,,
rate,,"비율, ~율",평가하다,,
susceptible,"영향받기 쉬운, 민감한",,,,
physiological,"생리학적인, 생리적인",,,,
empathy,,"공감, 감정 이입",,,
finding,,(조사·연구 등의) 결과,,,
emotional,"감정적인, 감정의, 정서의",,,,
activation,,활성화,,,
bind,,,"묶다, 결합하다",,
integrate,,,통합하다,,
primitive,"원초적인, 원시적인",,,,
awkward,"어색한, 서투른",,,,
aggressive,"공격적인, 적극적인",,,,
admit,,,"인정하다, 허가하다",,
flee,,,"탈출하다, 도망치다, 달아나다",,
gap,,"격차, 틈, 공백",,,
competent,"유능한, 능숙한",,,,
minute,"미세한, 사소한","분, 순간",,,
beverage,,음료,,,
legendary,"전설적인, 유명한",,,,
scheme,,"배합, 계획",,,
earnings,,"수익, 소득",,,
outcry,,"항의, 격렬한 반응",,,
distaste,,"혐오(감), 싫음",,,
infection,,"전염, 감염(병)",,,
distribution,,"전파, 배포, 분포, 분배",,,
digestion,,"소화, 이해",,,
haunted,"유령이 나오는, 겁에 질린",,,,
supernatural,초자연적인,,,,
universal,"보편적인, 일반적인",,,,
application,,"활용, 적용, 지원(서), 응용 프로그램",,,
fragile,"취약한, 깨지기 쉬운",,,,
cutback,,"축소, 삭감",,,
management,,"경영(진), 관리(자)",,,
quarter,,"분기, 4분의 1",,,
downturn,,"악화, 침체, 감소, 하락",,,
supervisor,,"관리자, 상사",,,
entire,"전체의, 온, 완전한",,,,
fantastic,"멋진, 환상적인",,,,
jewelry,,보석(류),,,
solution,,"해결 방안, 해결책, 해법",,,
fluid,"유동적인, 유동성의","(식물의) 수액, 분비액",,,
offer,,"제안, 제의","제공하다, 제시하다",,
strategy,,전략,,,
proposition,,"과제, 문제, 진술, 명제",,,
establish,,,"정하다, 형성하다, 설립하다",,
restrict,,,"제한하다, 한정하다",,
foundation,,"토대, 기초",,,
include,,,포함하다,,
personal,개인적인,,,,
polite,"정중한, 예의 바른",,,,
corporate,"회사의, 기업의",,,,
degree,,"학위, (온도 단위인) 도, 정도",,,
raise,,인상,"양육하다, 올리다, 높이다",,
physician,,(내과) 의사,,,
secure,안전한,,"확고히 하다, 확정하다, 확보하다",,
purchase,,구매,구매하다,,
insurance,,보험,,,
passenger,,승객,,,
companion,,"동반자, 친구",,,
stroller,,"유아차, 산책하는 사람",,,
vote,,,"투표하다, 선거하다",,
announce,,,발표하다,,
incentive,,"인센티브, 유인책, 동기",,,
cease,,,"중단하다, 멈추다, 끝나다",,
vast,(범위·크기·양 등이) 방대한,,,,
obsessive,"강박적인, 집착하는",,,,
spot,,"장소, 점, 얼룩","발견하다, 찾아내다",,
launch,,"개시, 출시, 발사","개시하다, 시작하다, 발사하다",,
deter,,,"단념시키다, 막다, 멈추다",,
attack,,공격,공격하다,,
comparative,"비교의, 비교적인, 상대적인",,,,
examine,,,"조사하다, 점검하다, 검사하다",,
relative,"상대적인, 비교상의",친척,,,
specialization,,"전문화, 전문 분야[과목]",,,
custom,"맞춤의, 주문 제작한","관행, 관습, 습관",,,
formalization,,"의례화, 공식화",,,
administrator,,"관리자, 통치자",,,
livelihood,,"생계, 생계 수단",,,
strain,,"긴장, 부담","부담을 유발하다, 긴장을 주다, 꽉 죄다",,
release,,"개봉, 방출, 석방","개봉하다, 방출하다, 풀어 주다",,
factual,"사실에 근거한, 사실에 기반한, 사실을 담은",,,,
reflect,,,"반사하다, 반영하다, 숙고하다",,
inability,,"할 수 없음, 무능력",,,
aesthetic,"미적인, 심미적","미적 특질, 미학",,,
subject,(피해 등을) 입기 쉬운,"피사체, 주제, 과목",,,
embody,,,"구현하다, 포함하다, 담다",,
extract,,"추출(물), 발췌","추출하다, 발췌하다, 뽑다",,
exhaust,,"잔해, 배기가스","기진맥진하게 만들다, 다 써 버리다",,
target,,"목표, (목표로 하는) 대상",겨냥하다,,
devastating,"(대단히) 파괴적인, 굉장한",,,,
fuel,,연료,부추기다,,
factor,,요인,,,
production,,생산,,,
conceptualize,,,"개념화하다, 개념적으로 설명하다",,
commodity,,"상품, 물품",,,
advocate,,"지지자, 옹호자","지지하다, 옹호하다",,
sufficient,충분한,,,,
collective,"집단적인, 집합적인, 공동의",,,,
associate,,,"연관시키다, 연상하다",,
acquire,,,"습득하다, 얻다",,
poison,,독,"독을 넣다, 오염시키다",,
generation,,"세대, (전기·열 등의) 발생",,,
reputation,,"평판, 명성",,,
invade,,,"침해하다, 침략하다",,
conservative,보수적인,,,,
punishment,,"처벌, 심한 대접",,,
currency,,"유행, 통화, 통용",,,
correct,올바른,,"바로잡다, 수정하다",,
kin,,"혈연, 친척, 친족",,,
similarity,,"유사성, 닮음",,,
lazy,"게으른, 느긋한",,,,
notice,,"공지(문), 안내(문)","알아차리다, 인지하다",,
struggle,,"어려움, 투쟁, 분투","애를 먹다, 투쟁하다",,
hospitalize,,,입원시키다,,
willingness,,"기꺼이 함, 의지",,,
outfit,,"의상, 옷차림, 채비","공급하다, 갖추어 주다",,
distracted,"심란한, 집중이 흐트러진",,,,
dumb,"바보 같은, 말을 못 하는",,,,
confront,,,"맞서다, 직면하다",,
clutter,,"잡동사니, 어수선함",(어수선하게) 집어넣다,,
decorate,,,"장식하다, 꾸미다",,
inhabit,,,"살다, 거주하다, 깃들다",,
gravity,,"심각성, 중력",,,
incorporate,,,"포함하다, 통합하다",,
identity,,"정체(성), 신분",,,
internalize,,,내면화하다,,
minority,,"소수 집단, 소수, 미성년",,,
stimulus,,"자극, 자극제 (",,,
habitual,"습관적인, 상습적인",,,,
convention,,"관습, 회의, 협정",,,
calling,,"천직, 소명",,,
capture,,"생포, 포획","사로잡다, 포로로 잡다",,
legacy,,(죽은 사람이 남긴) 유산,,,
majority,,"다수, 대부분",,,
scenic,"경치 좋은, 생생한",,,,
venture,,"모험, 모험적 사업","(과감하게) 가다, 위험을 무릅쓰다",,
steep,"가파른, 급격한",,,,
inhibit,,,"주눅 들게 하다, 억제하다",,
unique,"독특한, 고유한",,,,
personality,,"성격, 인격",,,
praise,,"칭찬, 찬사","칭찬하다, 찬미하다",,
attribute,,"속성, 특질","귀속시키다, (~의) 결과로 보다",,
conduct,,"수행, 행동","수행하다, 지휘하다",,
abstract,"추상적인, 관념적인","추상화, 개요","추상화하다, 추출하다, 요약하다",,
grasp,,"꽉 잡기, 이해, 파악","(꽉) 잡다, 이해하다",,
host,,"사회자, 주인, 주최측","(웹사이트를) 관리하다, 주최하다",,
debt,,"부채, 채무, 빚을 진 상태",,,
routine,"일상적인, 정례적인",(판에 박힌) 일상,,,
finite,"한정된, 유한한",,,,
deposit,,"매장층, 매장물, 예치금, 보증금","(특정한 곳에) 두다, 예금하다",,
ultimate,"궁극적인, 최고의",,,,
realism,,"현실감, 사실감, 사실주의",,,
introduce,,,"도입하다, 소개하다",,
sympathy,,"조문, 동정(심)",,,
compose,,,"가다듬다, (글을) 짓다, 구성하다",,
validation,,"확인, 검증, 입증",,,
medieval,"중세의, 고풍의",,,,
rural,"시골의, 전원의",,,,
refuge,,"피난처, 은신처, 보호 시설, 쉼터",,,
degradation,,"악화, 손실, (질적) 저하",,,
confuse,,,"혼동하다, 혼란스럽게 하다",,
combine,,,"결합하다, 통합하다",,
huge,"엄청난, 커다란",,,,
translate,,,"바뀌다, 바꾸다, 번역하다",,
tendency,,경향,,,
recipient,,수신자,,,
attitude,,태도,,,
diminish,,,"줄이다, 감소시키다",,
resort,,"리조트, 휴양소, 자주 가는 곳, 의지",의존하다,,
convince,,,"설득하다, 확신시키다",,
describe,,,"서술하다, 설명하다, 묘사하다",,
generous,"관대한, 후한",,,,
purse,,지갑,,,
nearby,"가까운, 근처의",,,"가까이에, 근처에",
procedure,,"수술, 절차",,,
discomfort,,"통증, 불편",불편하게 하다,,
disappointed,"실망한, 낙담한",,,,
afraid,"두려운, 무서운",,,,
context,,"맥락, 문맥, 환경, 상황",,,
landscape,,"풍경, 지형",,,
investment,,투자,,,
bankruptcy,,"파산 (상태), 파탄",,,
vitality,,"활력, 생명력",,,
adequate,"충분한, 적절한",,,,
shortage,,"부족, 결핍",,,
outbreak,,"발생, 급증, 폭발",,,
runoff,,"유출 액체, 유수",,,
deplete,,,"고갈시키다, 감소시키다",,
district,,"구역, 지역, 지구",,,
obligation,,"책무, 의무",,,
hierarchy,,"위계, 계급",,,
tension,,"긴장, 팽팽한 상태","긴장하게 하다, 팽팽하게 하다",,
clarification,,"명확화, 해명",,,
manufacture,,제조,제조하다,,
vacuum,진공의,"진공 (상태), 공허, 공백",,,
intrigue,,,강한 흥미를 느끼게 하다,,
modify,,,"개조하다, 수정하다",,
consist,,,"구성되다, 이루어지다",,
showcase,,"공개 행사, 진열장","뽐내다, 선보이다, 전시하다",,
tryout,,선발 시험,,,
particle,,입자,,,
solidity,,"고체성, 견고함",,,
electron,,전자,,,
resist,,,"저항하다, 견디다, 반대하다",,
random,"무작위적인, 닥치는 대로의",,,,
metaphor,,은유,,,
yawn,,하품,"하품하다, 딱 벌어져 있다",,
edit,,,편집하다,,
dip,,,"담그다, (부분적으로) 살펴보다 (",,
quantity,,"수량, 양",,,
arithmetic,"산술의, 산수의","산술, 산수",,,
instance,,"사례, 예",예로 들다,,
specific,"구체적인, 특정한",,,,
compensate,,,"벌충하다, 보상하다",,
umpire,,심판,심판을 보다,,
contemporary,"현대적인, 현대의, 동시대의",,,,
landmark,,"역사적 건물, 역사적 장소",,,
reference,,"참고 문헌, 참고, 참조",참조 문헌을 달다,,
alternative,"대체의, 대안의, 양자택일의","대안, 양자택일",,,
arrival,,"도착, 도래",,,
relocate,,,이주하다,,
transmission,,"전파, 전송, 전염",,,
diffusion,,"전파, 확산, 유포",,,
medication,,"약, 약물, 약물 치료",,,
spirituality,,"영성, 정신성",,,
parallel,"유사한, 평행의","유사성, 평행",,,
subjective,주관적인,,,,
molecule,,분자,,,
classify,,,"분류하다, 구분하다",,
storage,,"수납, 저장",,,
comply,,,"(법·명령·요청 등을) 따르다, 동의하다",,
deforestation,,산림 벌채,,,
offset,,,상쇄하다,,
renew,,,"갱신하다, 재개하다",,
inject,,,주입하다,,
flat,편평한,평지,,,
encounter,,,"접하다, 마주치다",,
resemblance,,"닮음, 유사성",,,
undermine,,,"저해하다, 약화시키다",,
clue,,단서,,,
escalate,,,"격화되다, 확대하다, 상승하다",,
reaction,,반응,,,
norm,,규범,,,
likelihood,,가능성,,,
keen,"예리한, 열렬한",,,,
dominate,,,지배하다,,
formation,,"형성, 대형",,,
bureaucracy,,"관료제, 관료주의",,,
primary,"주요한, 주된, 기본적인",,,,
disruptive,"방해가 되는, 파괴적인",,,,
demanding,"부담되는, 요구가 까다로운",,,,
adjust,,,"조정하다, 바로잡다",,
demand,,,"필요로 하다, 요구하다",,
profit,,"수익, 영리",,,
recognize,,,인식하다,,
experiment,,실험,실험하다,,
vividly,,,,생생하게,
variable,,변수,,,
hypothesis,,가설,,,
prejudice,,편견,,,
assume,,,"가정하다, 추정하다",,
arbitrary,자의적인,,,,
flexibility,,유연성,,,
fluent,유창한,,,,
extensive,"폭넓은, 광범위한",,,,
concrete,구체적인,,,,
confines,,"범위, 제한",,,
exploit,,,"이용하다, 착취하다",,
claw,,발톱,,,
decline,,쇠퇴,"감소하다, 쇠퇴하다",,
sustainability,,지속 가능성,,,
retain,,,"유지하다, 보유하다",,
relevance,,"적절성, 관련, 유의미함",,,
intervention,,개입,,,
habitat,,서식지,,,
agent,,"주체, 요원, 행위자",,,
underestimate,,,과소평가하다,,
misleading,오해의 소지가 있는,,,,
criterion,,기준,,,
adversary,,"상대, 적",,,
withdraw,,,"물러나다, 철수하다",,
domestic,"가정의, 집안의, 국내의",,,,
elaborate,정교한,,정교하게 만들다,,
physical,"물리적인, 신체의",,,,
boundary,,경계,,,
allocate,,,할당하다,,
erosive,"침식성의, 부식성의",,,,
peer,,동료,,,
symptom,,증상,,,
overstate,,,과장하다,,
compromise,,,"훼손하다, 타협하다",,
pitfall,,함정,,,
income,,"수입, 소득",,,
statement,,"발언, 진술",,,
reveal,,,드러내다,,
disclose,,,밝히다,,
commitment,,"전념, 헌신",,,
deviate,,,벗어나다,,
legislator,,입법자,,,
controversial,논란이 많은,,,,
violate,,,"위반하다, 침범하다",,
extend,,,확장하다,,
opportunity,,기회,,,
converge,,,수렴하다,,
deceive,,,"속이다, 속다",,
shade,,그늘,그늘지게 하다,,
anonymous,익명의,,,,
bluntly,,,,직설적으로,
constructive,"건설적인, 구성적인",,,,
further,,,발전시키다,더 (멀리),
accountability,,책임,,,
occasion,,"경우, 때",,,
worthwhile,"가치 있는, 상당한",,,,
export,,수출,수출하다,,
scarcity,,"희소성, 결핍",,,
lifespan,,수명,,,
counteract,,,대응하다,,
informal,"비공식적인, 격식에 얽매이지 않는",,,,
involuntary,"자기도 모르게 나오는, 무의식적인",,,,
absolute,절대적인,,,,
rapid,"신속한, 급속한",,,,
tremendous,엄청난,,,,
partial,부분적인,,,,
comprise,,,"구성하다, ~으로 구성되다",,
utterance,,발화,,,
perceptual,"지각의, 지각이 있는",,,,
compelling,"강력한, 설득력 있는",,,,
claim,,주장,주장하다,,
render,,,"만들다, 주다",,
flawless,"완벽한, 흠 하나 없는",,,,
scrutinize,,,"세심히 살피다, 면밀히 검토하다",,
entail,,,수반하다,,
flock,,무리,,,
evade,,,피하다,,
responsive,"민감하게 반응하는, 관심을 보이는",,,,
probability,,확률,,,
opaque,불투명한,,,,
ritual,,의식,,,
transformation,,"전환, 변형",,,
intelligent,"똑똑한, 영리한",,,,
entrepreneurship,,기업가 정신,,,
probe,,,"조사하다, 탐구하다",,
hallmark,,특징,,,
substantial,"상당한, 본질적인",,,,
reciprocity,,"상호주의, 호혜(주의)",,,
hamper,,,방해하다,,
proximate,"가장 가까운, 가장 직접적인",,,,
warrant,,,보장하다,,
adolescent,청소년기의,청소년,,,
aspiration,,열망,,,
devote,,,"(노력·시간 등을) 기울이다, 전념하다",,
spring,,"샘, 온천, 봄",떠오르다,,
respect,,"점, (측)면, 사항, 존중",,,
anxiety,,불안,,,
plausible,"그럴듯한, 타당한 것 같은",,,,
opponent,,"대항팀, 상대",,,
revenue,,수입,,,
optimal,최적의,,,,
geological,"지질학의, 지질학적인",,,,
reside,,,"존재하다, 살다",,
planetary,"지구상의, 행성의",,,,
replicate,,,"재현하다, 모사하다",,
note,,"음표, 메모, 쪽지","주목하다, 언급하다",,
reconcile,,,"조화시키다, 화해시키다",,
prospective,"미래를 내다보는, 장래의, 선견지명이 있는",,,,
benefit,,"혜택, 이익",~에게 이롭다,,
rot,,"썩음, 부패","썩다, 부식하다",,
liberate,,,"빠져나오게 하다, 벗어나게 하다, 자유롭게 하다",,
vegetation,,"식물, 초목",,,
mold,,,"만들다, 형성하다",,
accumulate,,,"누적하다, 축적하다",,
sibling,,"형제자매, 동기",,,
overall,"전체적인, 전반적인",,,,
compete,,,경쟁하다,,
coincide,,,"일치하다, 맞물려 일어나다, 동시에 일어나다",,
evaporate,,,"증발시키다, 증발하다",,
immediate,"주변의, 즉각적인",,,,
undergo,,,"겪다, 받다",,
vestige,,"흔적, 자취",,,
external,외부의,,,,
undertake,,,"맡다, 수행하다, 착수하다",,
provoke,,,"유발하다, 초래하다",,
bypass,,우회 도로,"무시하다, 간과하다, 우회하다",,
contain,,,"함유하다, 포함하다",,
tricky,"까다로운, 힘든",,,,
odds,,"가능성, 확률",,,
accurate,정확한,,,,
instant,"즉각적인, 인스턴트의",,,,
financial,"재정적, 금융의",,,,
skepticism,,"회의적인 태도, 회의론",,,
accomplish,,,"수행하다, 해내다, 성취하다",,
execute,,,"수행하다, 실행하다, 처형하다",,
capability,,능력,,,
challenge,,"난제, 과제, 어려움","이의를 제기하다, 도전하다",,
provide,,,"제공하다, 얻다",,
evidence,,증거,,,
crust,,"지각(地殼), 껍질",,,
ore,,"광물, 광석",,,
underlying,"근본적인, 기초의",,,,
psychiatry,,정신 의학,,,
threatening,"위협적인, 협박하는",,,,
advent,,"출현, 등장",,,
profound,"엄청난, 심오한",,,,
constraint,,"제약, 제한",,,
onwards,,,,"계속하여, 줄곧",
wealthy,부유한,,,,
spectator,,"관중, 관객",,,
apparent,"~인 것처럼 보이는, 명백한, 분명한",,,,
injury,,부상,,,
fatality,,"사망자(수), 치사율",,,
attempt,,시도,시도하다,,
commonsense,"상식적인, 상식이 있는",,,,
obvious,명백한,,,,
inborn,타고난,,,,
initiate,,,"일으키다, 시작하다",,
dynamics,,"역학 관계, 역학",,,
post,,게시글,게시하다,,
ponder,,,숙고하다,,
chat,,"대화, 담소",대화를 나누다,,
discern,,,"식별하다, 알아차리다",,
dismissive,무시하는,,,,
timely,시기적절한,,,,
devise,,,"(계획을) 세우다, 고안하다",,
gut,,"직감, 본능, 장",,,
significant,"중요한, 상당한, 의미심장한",,,,
depression,,"우울증, 우울함",,,
invariably,,,,"항상, 언제나",
inquiry,,"탐구, 질문",,,
pursue,,,"추구하다, 밀고 나가다",,
ancient,고대의,,,,
dorm,,기숙사 (=,,,
deserve,,,"(~을 누릴) 자격이 있다, 받을 만하다",,
humanity,,"인류, 인간성",,,
predict,,,예측하다,,
precision,,정확성,,,
stubborn,"다루기 힘든, 고집스러운",,,,
prefer,,,"선호하다, ~을 더 좋아하다",,
contrast,,"대비, 대조","대조하다, 대비시키다",,
condition,,"상황, 상태, 환경",,,
discover,,,발견하다,,
satellite,,"위성, 인공위성",,,
imply,,,"암시하다, 함축하다, 의미하다",,
species,,종(種),,,
urban,"도시의, 도회지의",,,,
metabolize,,,"(신진)대사시키다, (신진)대사하다",,
protein,,단백질,,,
intact,"온전한, 전혀 다치지 않은",,,,
sentiment,,"정서, 감상, 감정",,,
component,,"요소, 부품",,,
element,,"요소, 성분",,,
fossil,,화석,,,
prevent,,,막다,,
reasonable,"상당한, 합리적인, 타당한",,,,
ignore,,,"무시하다, 간과하다",,
reward,,보상,보상하다,,
surge,,"급증, 급등","급증하다, 급등하다, 밀려들다",,
intuition,,"직관, 직감",,,
evoke,,,"불러일으키다, 떠올려 주다",,
distinguish,,,"구별하다, 차이를 보이다",,
pity,,"연민, 동정",,,
belong,,,"소속되다, 속하다",,
sensible,"분별 있는, 합리적인",,,,
dignity,,존엄성,,,
shield,,방패,보호하다,,
detrimental,해로운,,,,
athlete,,(운동)선수,,,
average,평균의,평균,평균을 내다,,
die,,주사위 (=,죽다,,
verbal,"언어의, 구두의, 말에 의한",,,,
identical,"동일한, 똑같은",,,,
decision,,"판단, 결정",,,
trustworthy,"신뢰할 만한, 믿을 수 있는",,,,
fame,,명성,,,
neighbor,,이웃,,,
vulnerable,취약한,,,,
ecosystem,,생태계,,,
environmental,환경적인,,,,
dependent,의존하는,,,,
consider,,,"생각하다, 고려하다",,
govern,,,"지배하다, 통치하다",,
behave,,,"작동하다, 행동하다",,
reliable,"신뢰할 수 있는, 믿을 만한",,,,
operate,,,"작동하다, 운용하다, 수술하다",,
mature,"어른스러운, 성숙한",,"성숙해지다, 발달하다",,
instinctive,본능적인,,,,
stability,,"안정성, 안정",,,
pioneering,"선구적인, 개척적인",,,,
prescription,,"규칙, 처방",,,
implicit,"암묵적인, 함축적인",,,,
article,,"기사, 글",,,
delicate,"섬세한, 연약한, 여린",,,,
immigrate,,,"이주하다, 이주해 오다",,
prosper,,,"성공하다, 번영하다, 번성하다",,
firm,"단단한, 확고한","회사, 기업",,,
classical,"전형적인, 고전의, 클래식의",,,,
superficial,"피상적인, 깊이 없는, 얄팍한",,,,
explicit,"명시적인, 분명한",,,,
retention,,"기억, 유지",,,
forager,,수렵 채집인,,,
nuisance,,"골칫거리, 성가신 일",,,
severely,,,,심각하게,
disaster,,"재해, 재앙, 재난",,,
commercial,"상업용의, 상업의",,,,
peasant,농민의,"농민, 소작농",,,
livestock,,가축,,,
correlation,,상관관계,,,
disposition,,"성향, 기질",,,
clever,"재치 있는, 영리한, 똑똑한",,,,
analogy,,"비유, 유사점",,,
crop,,"작물, 수확량",,,
nutrient,,"영양소, 영양분",,,
nitrogen,,질소,,,
population,,"인구, 주민",,,
ensure,,,보장하다,,
suspicious,"수상쩍은, 의심스러운",,,,
reception,,"접수처, 리셉션[축하 연회]",,,
protection,,보호,,,
encourage,,,"장려하다, 격려하다, 권장하다",,
substitute,,"대체물, 대리자",대체하다,,
seemingly,,,,"겉보기에는, 외견상으로",
blood,,"피, 혈액",,,
breathe,,,호흡하다,,
concentration,,"농도, 집중",,,
highlight,,"가장 좋은 부분, 하이라이트",강조하다,,
enforce,,,"시행하다, 집행하다",,
transportation,,"교통, 교통수단",,,
hire,,대여,"고용하다, 대여하다",,
track,,"육상, 길",추적하다,,
designated,지정된,,,,
paradox,,역설,,,
evolution,,진화,,,
ape,,유인원,,,
statistics,,"통계 (자료), 통계학",,,
manuscript,,원고,,,
content,,"콘텐츠, 내용(물)",,,
incidental,"우연한, 부수적인",,,,
theory,,"이론, 학설",,,
principle,,"원칙, 원리",,,
insincere,불성실한,,,,
immense,엄청난,,,,
invoke,,,"언급하다, 떠올리다, 적용하다",,
slot,,"시간대, 자리, 구멍",,,
upset,속상한,"혼란 상태, 당황함",속상하게 만들다,,
awake,깨어 있는,,깨우다,,
matter,,"문제, 상황",중요하다,,
meaningful,"유의미한, 중요한",,,,
reserve,,,"따로 잡아 두다, 예약하다",,
manipulation,,조작,,,
latitude,,위도,,,
fine,"세밀한, 미세한, 질 높은, 좋은",벌금,,,
isolate,,,"격리하다, 고립시키다",,
retreat,,"휴양지, 후퇴, 도피","물러나다, 후퇴하다",,
deprive,,,"앗아 가다, 빼앗다",,
pretend,,,"(사실이 아닌 것을) 주장하다, ~하는 흉내를 내다",,
ratio,,비율,,,
attend,,,"다니다, 참석하다",,
poet,,시인,,,
accompany,,,"동행하다, 수반하다",,
nonprofit,비영리의,비영리 단체,,,
formal,"공식적인, 공적인, 정규의",,,,
enact,,,"구현하다, 행하다, 규정하다",,
flip,,,"던지다, 뒤집다",,
bet,,내기,"장담하다, 돈을 걸다",,
predator,,포식자,,,
captivity,,"우리, 감금",,,
nonsense,"무의미한, 말도 안 되는",터무니없는 생각[말],,,
remind,,,"상기시키다, 생각나게 하다",,
recall,,,"기억해 내다, 상기하다",,
vowel,,모음,,,
arrangement,,"배치[배열], 타협[협정], 마련",,,
exact,정확한,,,,
identify,,,"동일시하다, 확인하다, 파악[식별]하다",,
necessary,필요한,,,,
overlapping,"겹치는, 중복된",,,,
practical,"실제적인, 실용적인",,,,
practice,,"관례, 관행, 실행, 연습",,,
decade,,10년,,,
draw,,"추첨, 무승부","도출하다, 끌다, 뽑아내다, 그리다",,
sequence,,"순서, 차례","(유전자?분자의) 배열 순서를 밝히다, 배열하다",,
flooding,,"범람, 홍수",,,
growth,,"증가, 성장",,,
lead,,"지도, 인도","이끌다, 안내하다",,
combat,,전투,싸우다,,
exercise,,운동,"운동하다, 발휘하다",,
regular,"규칙적인, 정기적인",,,,
organism,,유기체,,,
fairly,,,,"꽤, 상당히, 타당하게",
efficacy,,"효능감, 효능",,,
boost,,,"증진하다, 높이다",,
seek,,,"추구하다, 찾다",,
retrace,,,"되짚어가다, 추적하다",,
keystone,,"쐐기돌, 핵심",,,
swell,,,"부풀어 오르다, 벅차오르다",,
scatter,,,"흩어지게 하다, 흩뿌리다",,
responsibility,,"책임, 책무",,,
convenience,,"편리, 편의",,,
request,,"요청, 요구",요청하다,,
surgery,,"수술실, 수술",,,
eternity,,"영원, 오랜 시간",,,
jargon,,"(특정 집단 내의) 전문어, 용어",,,
terminology,,용어,,,
discipline,,"학문 분야, 훈육, 규율",,,
trajectory,,궤도,,,
circumstance,,"환경, (주로 복수로) 상황",,,
arena,,"분야, 무대, (원형) 경기장",,,
manipulate,,,"솜씨 있게 처리하다, 다루다, 조작하다",,
aroma,,"향기, 향",,,
sweetener,,감미료,,,
assess,,,"평가하다, 재다",,
bizarre,"기이한, 특이한",,,,
respondent,,응답자,,,
proportion,,"비율, 부분",,,
merchant,,상인,,,
moisture,,습기,,,
automatically,,,,자동으로,
enrich,,,"풍요롭게 하다, 부유하게 하다",,
cultivate,,,"키우다, 구축하다, 경작하다",,
account,,"계정, 계좌, 장부","설명하다, 원인이 되다",,
variety,,"다양성, 여러 가지, 품종",,,
sermon,,설교,,,
rational,"합리적인, 이성적인",,,,
disproportionate,"불균형적인, 균형이 안 맞는",,,,
exaggerate,,,"더 두드러지게 하다, 과장하다",,
irrelevant,"무관한, 상관없는",,,,
manifest,분명한,,"나타내다, 표현하다",,
traumatic,"(정신적) 외상의, 매우 충격적인",,,,
maladaptive,"부적응적인, 순응성이 없는",,,,
vigiliance,,"경계, 조심",,,
sophisticated,"정교한, 세련된",,,,
judge,,판사,"판단하다, 평가하다",,
alert,"경계하는, 기민한",,"경고하다, 알리다",,
collision,,"충돌, 대립",,,
present,"현재의, 있는, 존재하는, 참석한",선물,"제공하다, 발표하다",,
cell,,"세포, 감방",,,
persist,,,"지속되다, 계속되다",,
sustain,,,"유지하다, 지탱하다",,
approach,,"접근 방식, 접근(법)","접근하다, 다가가다[오다]",,
recite,,,"암송하다, 낭독하다",,
reproduce,,,"재생하다, 재생산하다, 복사[복제]하다, 번식하다",,
psychological,심리적인,,,,
perception,,"인식, 자각",,,
realm,,영역,,,
sensory,"감각적인, 감각의",,,,
continuum,,연속체,,,
neuron,,"뉴런, 신경 세포",,,
input,,"입력, 투입(량)",,,
correspond,,,"일치하다, 상응하다, 편지를 주고받다",,
proponent,,"지지자, 옹호자",,,
restore,,,"회복시키다, 복원하다",,
preparation,,"준비, 대비",,,
spur,,"자극, 박차, 원동력","불러일으키다, 자극하다, 박차를 가하다",,
enlist,,,"입대하다, 징집하다, (협조·참여를) 요청하(여 얻)다",,
reduction,,"감소, 축소, 삭감",,,
climatologist,,"기후학자, 풍토학자",,,
precipitation,,강수량,,,
arid,"메마른, 무미건조한",,,,
frost,,"서리, 성에",,,
presentation,,"발표, 제시",,,
interaction,,상호 작용,,,
foster,,,"촉진하다, 북돋다, 조성하다",,
refrain,,,"자제하다, 삼가다",,
instructional,교육의,,,,
academic,"학업의, 학문의",,,,
pedagogical,"교육의, 교육적인, 교육학의",,,,
crystal-clear,"아주 명료한, 명백한",,,,
structure,,구조,,,
section,,"섹션, 일부, 구역",,,
general,일반적인,,,,
mechanical,기계적인,,,,
oddly,,,,"이상하게, 기이하게",
anthropologist,,인류학자,,,
private,"개인의, 개인 소유의, 사유의",,,,
entitle,,,권리[자격]를 주다,,
insane,"제정신이 아닌, 정신 나간",,,,
breakdown,,"실패, (차량·기계의) 고장, 와해",,,
soar,,,"날아오르다, 급증[급등]하다, 치솟다",,
discourage,,,"낙담시키다, 억제하다",,
landslide,,산사태,,,
obstacle,,"장애물, 걸림돌",,,
fulfill,,,"이루다, 달성하다, 충족시키다",,
determine,,,"결심하게 하다, 결정하다",,
challenging,"어려운, 힘든, 도전적인",,,,
guardian,,"후견인, 보호자, 수호자",,,
patience,,인내(심),,,
issue,,"문제, 주제, 쟁점, 사안","발령하다, 공표하다",,
concern,,"우려, 걱정, 관심(사)","우려하게 만들다, 흥미를 갖다",,
principal,주요한,교장,,,
ruin,,"(주로 복수로) 유적, 폐허","망치다, 파멸시키다",,
inconsiderate,사려 깊지 못한,,,,
shrug,,어깨를 으쓱하기,어깨를 으쓱하다,,
squeeze,,"꽉 쥐기, 짜기","꼭 잡다, 짜다",,
singular,"단일한, 단수형의, 뛰어난",단수형,,,
credit,,"공로, 학점, 신용",,,
exclusively,,,,"전적으로, 독점적으로",
falsified,"거짓의, 위조된",,,,
politician,,"정치인, 정치가",,,
assertion,,"주장, (권리 등의) 행사",,,
blur,,,"흐릿해지다, 흐릿하게 하다",,
ignite,,,"불을 붙이다, 촉발하다, (감정을) 불러일으키다",,
ambiguity,,"모호함, 애매함",,,
process,,"과정, 공정, 진행",처리하다,,
mindset,,(흔히 바꾸기 힘든) 사고방식,,,
antipathy,,(강한) 반감,,,
conviction,,"확신, 유죄 판결, 신념",,,
critical,"(매우) 중요한, 비판적인",,,,
outperform,,,"~보다 뛰어나다, 능가하다",,
omission,,"생략, 누락, 빠짐",,,
embrace,,,"수용하다, 받아들이다",,
mediate,,,"전달하다, 중재[조정]하다",,
enthusiast,,"열정적인 사람, ~광",,,
parameter,,"(보통 복수로) 특성, 매개 변수, 한계",,,
democracy,,"민주주의, 민주 국가, 평등",,,
retire,,,"은퇴하다, 자리를 뜨다",,
diagnose,,,(질병·문제의 원인을) 진단하다,,
polar,극지방의,,,,
unforgettable,잊을 수 없는,,,,
facility,,"시설, 설비",,,
compartment,,"통, 칸, (칸막이가 있는) 객실",,,
trait,,"특성, 특색",,,
standardized,표준화된,,,,
temperament,,"기질, 괴팍함",,,
treat,,,"취급하다, 다루다, 치료하다",,
regard,,"높은 평가, 고려, 관심","간주하다, 여기다",,
retrieve,,,"상기하다, 회수하다",,
trap,,"덫, 올가미, 함정","가두다, 끼이다",,
expend,,,"(돈·시간·에너지를) 소비하다, 들이다, 쏟다",,
sequential,"연속적인, 순차적인",,,,
threshold,,"임계치, 문턱, 문지방",,,
encode,,,"암호화하다, 부호화하다",,
cognition,,"인지, 인식",,,
guarantee,,"보장(하는 것), 보증서","보장하다, 장담하다",,
consistent,"일치하는, 일관된",,,,
inherent,"본질적인, 고유한",,,,
ancestor,,"조상, 선조",,,
intention,,"목적, 의도, 의사",,,
scent,,"향기, 향내",,,
offspring,,"새끼, 자식",,,
spatial,"공간의, 공간적인, 공간에 존재하는",,,,
directly,,,,"직접적으로, 곧장, 똑바로",
condiment,,"조미료, 양념",,,
tough,"힘든, 어려운, 강인한",,,,
enterprise,,기업,,,
competitor,,"경쟁자, (시합) 참가자",,,
recession,,"불황, 불경기",,,
relief,,"안도, 안심",,,
share,,"점유율, 몫","공유하다, 나누다",,
vehicle,,"차량, (감정 표현·목표 달성 등의) 수단[도구]",,,
autonomous,자율적인,,,,
lengthy,"너무 긴, 장황한, 지루한",,,,
mimic,,,"모방하다, 흉내를 내다",,
policy,,"정책, 방침",,,
immigrant,,(다른 나라로 온) 이민자[이주민],,,
ethnic,"민족의, 인종의",,,,
predominate,,,"지배하다, 우위를 차지하다",,
indigenous,(어떤 지역) 토착의[원산의],,,,
interchangeably,,,,"상호 호환적으로, 서로 바꿔서, 교대로",
pessimistic,비관적인,,,,
tangible,"유형(有形)의, 분명히 실재하는, 만질 수 있는",,,,
quote,,,인용하다,,
copyright,,"저작권, 판권",,,
qualify,,,자격을 얻다,,
eligible,"자격이 있는, 적임의, 적당한",,,,
lyric,,"가사, 노랫말",,,
indicate,,,"나타내다, 시사하다",,
spontaneously,,,,"자연스럽게, 자발적으로",
display,,"전시, 표현","표시하다, 진열하다, 전시하다",,
mammal,,"포유류, 포유동물",,,
scale,,"규모, 비늘, 음계","비례하다, 오르다, 비늘을 벗기다",,
miraculous,"놀랄 만한, 기적적인",,,,
sophomore,,2학년생,,,
confess,,,"고백하다, 인정하다",,
figure,,"형상, 인물, 숫자","생각하다, 판단하다, 계산하다",,
admire,,,"감탄하다, 찬사를 보내다",,
raw,"다듬어지지 않은, 가공되지 않은, 날것의",,,,
typical,"자주 사용되는, 전형적인",,,,
horror,,"공포, 전율",,,
discordant,"맞지 않는, 조화를 이루지 못하는",,,,
harsh,"거친, 가혹한",,,,
universe,,"(경험) 세계, 우주",,,
brave,"용기 있는, 용맹한",,,,
align,,,"맞추다, 부합하게 하다",,
achieve,,,"이루다, 달성하다, 성취하다",,
burnout,,"극도의 피로, 탈진",,,
ample,"충분한, 넉넉한",,,,
contrary,"반대되는, 어긋나는, 거꾸로의","반대, 반대되는 것",,,
mantra,,(기도나 명상을 할 때 외는) 주문,,,
prophet,,"예언자, 선지자",,,
enslave,,,"노예로 만들다, 노예가 되게 하다",,
addiction,,중독,,,
scam,,(신용) 사기,"사기 치다, 속이다",,
source,,"정보원, 원천, 근원",,,
unbiased,"편견이 없는, 편파적이지 않은, 공정한",,,,
guess,,"추측, 짐작","추측하다, 짐작하다",,
exhibit,,"전시물, 전시","보이다, 전시하다",,
empathize,,,공감하다,,
indecisive,"우유부단한, 결단력이 없는",,,,
adept,능숙한,,,,
signal,,신호,"신호하다, 신호를 주다",,
boredom,,"지루함, 따분함",,,
contemplate,,,"고찰하다, 눈여겨보다, 숙고하다",,
puzzle,,"퍼즐, 수수께끼 놀이, 당혹","어리둥절하게 만들다, 당황하게 하다",,
manage,,,"관리하다, 조종하다, 실현하다",,
disease,,"질병, 질환",,,
persuade,,,설득하다,,
suffer,,,"고통받다, (피해 등을) 입다, 겪다",,
suburban,교외의,,,,
affluent,"부유한, 풍족한",,,,
agenda,,"안건, 의제, 행동강령",,,
handle,,"손잡이, 핸들","다루다, 처리하다",,
dignify,,,"품위를 높이다, 품위 있어 보이게 하다",,
fierce,"맹렬한, 격렬한, 사나운",,,,
sense,,"감각, 느낌","감지하다, 느끼다",,
integrity,,"완전성, 무결성, 진실성",,,
explode,,,"폭발적으로 증가하다, 폭발하다",,
deal,,"거래, 합의, 많음","다루다, 처리하다, 거래하다",,
impair,,,손상시키다,,
prioritize,,,"우선시하다, 우선순위를 정하다",,
crash,,"(충돌·추락) 사고, 굉음, 급강하, 폭락","고장 나다, 충돌하다, 추락하다",,
merge,,,"통합하다, 합치다",,
spread,,"확산, 전파","확산하다, 퍼뜨리다",,
recommendation,,추천(서),,,
prominent,"중요한, 두드러진, 저명한",,,,
rely,,,"의존하다, 의지하다",,
manifestation,,"징후, 조짐",,,
enemy,,"적, 적군, 경쟁 상대",,,
terrain,,"지형, 지역, 여지",,,
tribe,,"부족, 집단",,,
simplify,,,단순화하다,,
evident,"분명한, 명백한, 나타나는",,,,
fertile,"비옥한, 기름진, 생식력 있는, 풍부한",,,,
disperse,,,"흩어지게 하다, 전파하다",,
military,군대의,"군대, 군인들",,,
postpone,,,"미루다, 연기하다",,
cluster,,"덩어리, 무리","결합하다, 모이다",,
regime,,"제도, 정권",,,
urgency,,"긴급, 위급, 긴급한 일",,,
zealous,"열성적인, 열심인",,,,
attraction,,"매력, 명소",,,
trust,,신뢰,신뢰하다,,
emergent,"창발적인, 새롭게 나타난, 신흥의",,,,
microbe,,미생물,,,
tiny,아주 작은,,,,
counterpart,,"상응하는 것[사람], 상대방, (한 쌍의) 한쪽",,,
wipe,,,"일소하다, 쓸어 없애다, 닦아 없애다",,
mineral,,"광물, 무기물",,,
continent,,"대륙, 육지",,,
progress,,"발전, 진전, 나아감","진행되다, 전진하다, 나아가다",,
amount,,"양, 총액",,,
habituate,,,"익숙해지다, 습관 들게 하다",,
primate,,영장류,,,
spoil,,,"상하게 하다, 망치다",,
advantage,,"이점, 우위, 이익",,,
threat,,위협,,,
negative,"부정적인, 소극적인, 음의, 마이너스의","부정, 부인, 음성",,,
captivate,,,"사로잡다, 현혹시키다",,
intent,,"의도, 의향",,,
execution,,"실행, 실시, 처형",,,
compulsive,"강박적인, 충동적인",,,,
sway,,,"흔들다, 영향을 주다",,
purpose,,"목적, 의도",,,
frame,,"액자, 틀","구성하다, 만들다",,
narrator,,"말하는 사람, 서술자, 내레이터",,,
console,,,"위로하다, 달래다",,
wrestle,,,"씨름하다, 싸우다",,
compassionate,"인정 많은, 동정심 많은",,,,
equation,,"방정식, 균등화",,,
magnitude,,"크기, 규모",,,
response,,"반응, 응답",,,
buffer,,"완충제, 완충 장치",완화하다,,
inhabitant,,"서식 생물, 주민, 거주자",,,
diagram,,"도식, 도해, 도표",,,
improvise,,,"즉흥적으로 연주하다, 즉석에서 만들다",,
chemistry,,"화학, 화학적 성질",,,
straightforward,"간단한, 솔직한",,,,
recipe,,조리법,,,
desirability,,바람직함,,,
mobility,,"기동력, 이동성",,,
distribute,,,"분배하다, 나누어 주다, 분포시키다",,
inclination,,"경향, 의향, 경사(도)",,,
statesman,,"정치가, 정치인",,,
superstitious,"미신적인, 미신을 믿는",,,,
beneficial,유익한,,,,
neglect,,,"도외시하다, 등한시하다, 소홀히 하다",,
aware,"인식하고 있는, 알고 있는",,,,
prayer,,"기도(문), 가망, 희망",,,
bond,,유대,결속시키다,,
inspire,,,"고취하다, 영감을 주다",,
cohesion,,"결합, 응집력",,,
descent,,"혈통, 하강, 전락",,,
infant,,"유아, 아기",,,
dictate,,,"지시하다, 결정하다, 받아쓰게 하다",,
disparity,,"격차, 차이",,,
curiosity,,호기심,,,
nuance,,"미묘한 차이, 뉘앙스",,,
glacier,,빙하,,,
voyage,,항해(기),항해하다,,
flora,,식물군,,,
relentless,"맹렬한, 수그러들지 않는, 가차 없는",,,,
conceive,,,"생각하다, 이해하다",,
renowned,유명한,,,,
scorn,,"경멸, 멸시","비웃다, 경멸하다",,
passage,,"통행, 통과",,,
community,,"공동체, 지역 사회",,,
destiny,,운명,,,
scroll,,,"(화면을) 넘기다, (화면을) 스크롤 하다",,
deem,,,"간주하다, 여기다",,
insult,,"신체적 손상, 상해, 모욕","모욕하다, 무례하게 대하다",,
passive,"수동적인, 소극적인",,,,
bomb,,폭탄,"폭탄으로 공격하다, 폭격하다",,
discard,,,"버리다, 폐기하다",,
disposable,일회용의,(보통 복수로) 일회용품,,,
personnel,,"(전)직원, (전)사원, 인사과",,,
disinfection,,"살균, 소독",,,
prone,"취약한, 하기[당하기] 쉬운, 경향이 있는",,,,
fragment,,"조각, 파편","산산이 부서지다, 분해하다, 분열하다",,
favorable,"유리한, 호의적인",,,,
underscore,,,"강조하다, 밑줄을 긋다",,
lineage,,"계통, 혈통",,,
transaction,,"거래, 계약",,,
resilient,"탄력 있는, 회복력 있는",,,,
morale,,"사기, 의욕",,,
guideline,,"지침, 가이드라인",,,
leak,,"누출, 새는 곳, 새어 나옴","새게 하다, 새다",,
contest,,"(경시)대회, 시합, 경쟁","논쟁하다, 이의를 제기하다",,
weave,,,"(이야기 등을) 짜다, 엮다, (옷감 등을) 짜다",,
inferior,"열등한, (질이) 더 낮은",,,,
chunk,,덩어리,,,
unlock,,,"풀다, (잠겨 있는 것을) 열다",,
drawback,,"결점, 단점, 약점",,,
binary,"2진수의, 2진법의",,,,
breastfeed,,,모유를 먹이다,,
dairy,"유제품의, 낙농의",,,,
symmetry,,"대칭, 균형",,,
flammable,"불에 잘 타는, 인화성의",,,,
enlarge,,,"크게 하다, 확장하다, 확대하다",,
chew,,,씹다,,
necessitate,,,~을 필요하게 만들다,,
liberation,,해방,,,
displace,,,"대체하다, 대신하다, (살던 곳에서) 쫓아내다",,
steady,"안정적인, 꾸준한",,,,
resolve,,,"해결하다, 결심하다",,
depth,,깊이,,,
mutual,"상호적인, 상호 간의, 서로의",,,,
outcome,,"결과(물), 성과",,,
influential,"영향력이 큰, 영향력이 있는",,,,
breaded,빵가루를 묻힌[입힌],,,,
border,,"국경, 경계",접경하다,,
rebellious,반항적인,,,,
landmass,,"광대한 땅, 대륙",,,
clan,,"일족, 씨족, 일문",,,
hardy,"강인한, 강한",,,,
empirical,실증적인,,,,
auditory,"청각적인, 청각의",,,,
rationale,,"근거, 이유",,,
acoustic,"청각의, 음향의",,,,
congestion,,혼잡,,,
determinant,,결정 요인,,,
governance,,통치,,,
forgetfulness,,"건망증, 소홀, 태만",,,
fixate,,,고정하다,,
ensoul,,,영혼을 불어넣다,,
deteriorate,,,"(질이) 떨어지다, 악화되다",,
outstrip,,,"능가하다, 앞서다",,
literacy,,"읽고 쓸 줄 아는 능력, 문해력",,,
weird,"이상한, 기이한",,,,
mystical,"신비적인, 신비로운",,,,
rationality,,합리성,,,
appetite,,"욕구, 식욕",,,
entertainment,,"오락(거리), 접대",,,
trumpet,,트럼펫,열렬히[자랑스럽게] 알리다,,
insurmountable,"넘을 수 없는, 극복할 수 없는",,,,
emission,,"배출(물), 배기가스",,,
solitary,혼자 하는,,,,
advocacy,,"지지, 옹호",,,
mention,,,언급하다,,
energize,,,"열정을 돋우다, 활력을 불어넣다",,
dimension,,"차원, 관점, 규모, 크기",,,
executive,,"임원, 중역, 고위직",,,
fund,,"기금, 자금",자금을 대다,,
discontented,불만족한,,,,
treasured,소중한,,,,
donation,,"기증, 기부(금)",,,
grateful,감사하는,,,,
narrow,좁은,,좁히다,,
dangle,,,매달리다,,
confidence,,자신감,,,
resolution,,"(굳은) 결심, 해결(책)",,,
harness,,장비,이용하다,,
motivate,,,동기를 부여하다,,
heretofore,,,,지금까지,
falsehood,,"거짓, 거짓말",,,
pollute,,,오염시키다,,
cognitive,"인지적인, 인지의",,,,
misinformation,,잘못된 정보,,,
ambitious,"야심적인, 야심이 있는",,,,
subordinate,종속된,부하 직원,,,
preserve,,,"유지하다, 보존하다",,
illusion,,"착각, 환영, 환상",,,
conceal,,,"은폐하다, 숨기다",,
pupil,,"제자, 학생, 눈동자, 동공",,,
err,,,실수하다,,
definitive,"결정적인, 확정적인",,,,
excavate,,,발굴하다,,
prehistoric,선사 시대의,,,,
survey,,(설문) 조사,(설문) 조사하다,,
pronounced,뚜렷한,,,,
correspondent,,"특파원, 통신원",,,
literary,문학의,,,,
doctorate,,박사 학위,,,
receipt,,영수증,,,
expertise,,"전문 기술[지식], 전문성",,,
quantitative,"양적인, 정량적인",,,,
oriented,지향하는,,,,
attain,,,"달성하다, 도달하다",,
unsubstantiated,근거 없는,,,,
jug,,"주전자, 항아리",,,
neural,신경(계)의,,,,
interconnected,"상호 연결된, 서로 연결된",,,,
optimize,,,최적화하다,,
envision,,,"구상하다, 마음속에 그리다, 상상하다",,
radical,"급진적인, 극단적인, 근본적인, 철저한",,,,
aviation,,항공,,,
altitude,,"고도, 해발",,,
mortality,,사망(률),,,
halt,,,"멈추다, 중단하다",,
notification,,"알림, 통고",,,
inflammation,,염증,,,
ubiquitous,어디에나 있는,,,,
rite,,의례,,,
biodiversity,,생물 다양성,,,
linkage,,"연결, 연관성",,,
enforceable,"강제할 수 있는, 시행할 수 있는, 집행할 수 있는",,,,
roadblock,,"방해물, 장애물, (도로) 바리케이드",,,
causal,인과 관계의,,,,
association,,"연관(성), 유대",,,
upbringing,,양육,,,
societal,"사회적인, 사회의",,,,
ethnicity,,민족성,,,
exert,,,"발휘하다, 행사하다",,
portion,,"일부, 부분",,,
destination,,목적지,,,
sentence,,"판결, 선고, 문장",(형을) 선고하다,,
precious,"귀중한, 값비싼",,,,
declare,,,"단언하다, (분명히) 말하다, 선언하다",,
eagerly,,,,"간절하게, 열렬하게, 열심히",
letdown,,"실망, 감소, 감퇴",,,
appointed,"약속한, 지정된",,,,
uniformity,,"획일성, 균일성",,,
deny,,,"부인하다, 부정하다",,
counterproductive,역효과를 낳는,,,,
array,,"집합체, 배열","진열하다, 배치하다",,
transition,,"전환, 변환",,,
mere,"단순한, 단지 ~에 불과한",,,,
trivial,"사소한, 하찮은, 진부한",,,,
amenity,,(보통 복수로) 편의 시설,,,
pleasant,"기분 좋은, 쾌적한",,,,
eventual,"최종의, 최후의",,,,
rehabilitation,,"재활, 갱생",,,
basis,,"기준, 이유, 근거",,,
via,,,,,"~을 통하여, ~을 경유하여"
premise,,전제,,,
adhere,,,"고수하다, 신봉하다",,
inductive,귀납적인,,,,
shortcut,"손쉬운, 간단한","지름길, 쉬운 방법",,,
drive,,추진력,"몰아가다, 만들다",,
evaluation,,평가,,,
crave,,,"갈망하다, 간절히 원하다",,
upright,"(도덕적으로) 올바른, 정직한",,,똑바르게,
by-product,,부산물,,,
investigate,,,"조사하다, 연구하다",,
census,,인구 조사,,,
verify,,,"확인하다, 입증하다",,
novel,"새로운, 참신한",소설,,,
proclaim,,,"공언하다, 선언하다",,
selective,"선택적인, 까다로운",,,,
literature,,"문학 작품, 문학, 문헌",,,
vicious,"사나운, 잔인한",,,,
organ,,"기관, 장기",,,
yield,,"생산량, 산출량","대체하다, 산출하다, 양보하다",,
credible,"믿을 수 있는, 받아들일 만한",,,,
ethics,,"윤리, 윤리학, 도덕",,,
mismatch,,"불일치, 부조화",,,
divorce,,"단절, 이혼","분리시키다, 단절시키다",,
leash,,"목줄, 속박",가죽끈으로 매다,,
sniff,,,"냄새를 맡다, 코를 훌쩍이다",,
distract,,,"주의를 돌리다, 산만하게 하다",,
renovate,,,"보수하다, 개조하다",,
accommodate,,,"수용하다, 맞추다",,
uneasy,"불안한, 어수선한",,,,
linger,,,"머무르다, 남다",,
conversational,"대화의, 의사소통의",,,,
stick,,막대기,"고수하다, 붙이다",,
counter,,"판매대, 계산대","대응하다, 반박하다",,
asset,,"자산, 재산",,,
inexhaustible,"무한한, 무궁무진한",,,,
loyalty,,"충성심, 충실",,,
extraordinary,"놀라운, 특별한",,,,
affirmation,,"단언, 긍정",,,
supervision,,"감독, 보호",,,
reluctantly,,,,마지못해서,
orbital,"궤도의, 궤도상의",,,,
enroll,,,"입학하다, 등록하다",,
horizontal,"수평의, 가로의",,,,
preheat,,,예열하다,,
lid,,뚜껑,,,
surface,,"표면, 겉","나타나다, 드러나다",,
stunning,굉장히 멋진,,,,
overlay,,덮어씌우는 것,덮어씌우다,,
supplant,,,"대체하다, 대신하다",,
fragmentation,,"세분화, 분열, 파쇄",,,
reinforce,,,"강화하다, 보강하다, 증강하다",,
sphere,,"영역, 구체",,,
distinction,,"차이, 구분",,,
overt,"공공연한, 명시적인",,,,
drag,,"방해물, 장애물",끌다,,
decay,,"쇠퇴, 부패","부패하다, 썩다",,
jar,,"병, 물병",,,
initial,"처음의, 초기의",,,,
predispose,,,"성향을 갖게 하다, (성향에) 영향을 미치다",,
sprout,,"새싹, 새순","싹이 트다, 발아하다",,
range,,"범위, 다양성","다양하다, 포함하다, (범위가) ~에 이르다",,
substance,,물질,,,
proficiency,,"능숙함, 능력",,,
stride,,발걸음,성큼성큼 걷다,,
pendulum,,"진자, 추",,,
attentive,"신경을 쓰는, 주의를 기울이는",,,,
rage,,"분노, 격노",,,
sheer,"완전한, 순전한",,,,
ingenious,"기발한, 독창적인",,,,
trial,,"시도, 실험, 재판",,,
seamlessly,,,,"완벽하게, 매끄럽게",
spectacle,,"구경거리, 장관",,,
rescue,,구조,"구조하다, 구하다",,
paralyze,,,"마비시키다, 무효가 되게 하다",,
latest,"최신의, 최근의",,,,
desolate,"황량한, 적막한",,,,
board,,"위원회, 이사회","탑승하다, 승선하다",,
stare,,"응시, 빤히 쳐다보기",응시하다,,
scar,,"상처, 흉터",흉터를 남기다,,
attract,,,"끌다, 끌어들이다",,
resource,,"(보통 복수로) 능력, 지략, 자원, 재원",,,
stimulate,,,"자극하다, 격려하다",,
salient,"두드러진, 가장 중요한",,,,
disbelief,,"불신, 믿기지 않음",,,
furious,"격렬한, 몹시 화가 난",,,,
log,,"통나무, 일지","접속하다, 벌목하다, 기록하다",,
profile,,"프로필, 옆 모습, 개요",,,
dispute,,"논쟁, 논란, 분쟁",,,
attachment,,"애착, 믿음, 부착, 첨부 파일",,,
colleague,,동료,,,
crystalize,,,"확고해지다, 결정화하다",,
champion,,우승자,옹호하다,,
diversity,,다양성,,,
concede,,,"인정하다, 수긍하다, 내주다",,
surgeon,,외과 의사,,,
civilian,,민간인,,,
royalty,,"저작권, 사용료, 왕족(들)",,,
dexterity,,재주,,,
arousal,,"흥분, 각성",,,
testify,,,"나타내다, 증명하다",,
climactic,"클라이맥스의, 절정의",,,,
villain,,"악당, 범죄자",,,
disable,,,"무력하게 하다, 망가뜨리다",,
disarm,,,무장 해제하다,,
outright,"완전한, 명백한",,,"완전히, 명백히",
domain,,영역,,,
inevitably,,,,필연적으로,
acceleration,,가속(도),,,
portable,"휴대가 쉬운, 휴대용의",,,,
characteristic,,"특성, 특징",,,
void,,"공백, 빈 공간",,,
aristocratic,"귀족의, 귀족적인",,,,
rhetorical,"수사학의, 수사적인, 미사여구식의",,,,
vinegar,,식초,,,
conformation,,"형태, 구조",,,
outsource,,,"외주 제작하다, 외부에 위탁하다",,
onlooker,,"관찰자, 구경꾼",,,
presumably,,,,"아마, 짐작건대",
entity,,"실체, 독립체, 존재",,,
irrigation,,"관개, 물을 끌어들임",,,
stroll,,"산책, (한가로이) 거닐기","거닐다, 산책하다",,
overflow,,,넘치다,,
burst,,,"가득하다, 터지다, 터뜨리다",,
fairy,,요정,,,
settle,,,"내려앉다, 해결하다, 자리를 잡다",,
transparency,,투명성,,,
fairness,,공정성,,,
omnipresent,어디에나 있는,,,,
advertise,,,"알리다, 광고하다, 홍보하다",,
literate,글을 읽고 쓸 줄 아는,,,,
unprecedented,전례 없는,,,,
heritage,,유산,,,
nip,,"(재빨리 작게) 물기, 꼬집기","물다, 꼬집다",,
nourishment,,"육성, 영양(분), 자양분",,,
department,,"학과, 부서",,,
procrastination,,"미루기, 지연, 꾸물거림",,,
fascinating,"흥미로운, 매혹적인, 재미있는",,,,
authenticity,,"진정성, 진짜임",,,
imperative,반드시 해야 하는,명령(문),,,
serenity,,"평온함, 고요함",,,
nominally,,,,"명목상, 명목상으로",
impart,,,"알리다, 전하다",,
misdeed,,"범죄, 비행, 악행",,,
dysfunction,,"기능 장애, 역기능",,,
pesticide,,"살충제, 농약",,,
disposal,,"처리, 처분",,,
inflammatory,"염증의, 선동적인",,,,
inanimate,무생물의,,,,
destined,운명인,,,,
amendment,,(법 등의) 개정[수정],,,
draft,,"(아직 완성되지 않은) 원고, 초안","초안을 작성하다, 징집하다",,
ratification,,"비준, 인가, 승인",,,
tactic,,"전술, 전략",,,
picturesque,"그림 같은, 생생한",,,,
infamous,악명 높은,,,,
accusation,,"비난, 고발, 기소",,,
imperial,"제국의, 황제의, 제국주의의",,,,
dissemination,,"전파, 보급",,,
constituent,,"유권자, 주민, 구성 성분[요소]",,,
unfold,,,"펼치다, 전개되다",,
supposition,,추정(되는 생각),,,
repertoire,,"연주 목록, (한 사람이 할 수 있는) 모든 것",,,
mess,,엉망,,,
monotonous,단조로운,,,,
resident,,"입주민, 주민",,,
complaint,,"불만, 항의",,,
vibration,,진동,,,
cooperation,,"협조, 협력",,,
spectacular,멋진,,,,
priority,,"우선, 우선 사항",,,
debit,,"직불, 인출[출금]액",,,
budget,,예산,,,
dedicate,,,"할애하다, 헌신하다, 바치다",,
infer,,,추론하다,,
nurture,,,"키우다, 돌보다",,
enhance,,,향상하다,,
multiple,"다수의, 다중의, 복수의",,,,
concise,간결한,,,,
bouquet,,꽃다발,,,
adorable,사랑스러운,,,,
pack,,"무리[떼], 묶음, 꾸러미","(짐을) 챙기다, 싸다",,
closet,,옷장,,,
melt,,,녹다,,
applaud,,,박수 치다,,
liquid,"액체의, 액체 형태의",액체,,,
outgrow,,,"(~에 비해) 너무 크다, (~보다) 더 커지다[많아지다]",,
customize,,,개인이 원하는 대로 변경하다[만들다],,
quality,,"질, 특성, (사람의) 자질",,,
delay,,,"미루다, 지연시키다",,
forecast,,예보,예측[예보]하다,,
layer,,"겹, 층",,,
gathering,,"모임, 채집, 수집",,,
departure,,출발,,,
shift,,(교대) 근무,"바꾸다, 옮기다, 이동하다",,
vision,,"시력, 비전, 시야",,,
trending,유행하는,,,,
outstanding,"우수한, 중요한",,,,
warranty,,보증 기간,,,
function,,기능,(제대로) 작용하다[기능하다],,
muscle,,근육,,,
waitlist,,대기자 명단,,,
inherit,,,"(신체적 특성 등을 유전적으로) 물려받다, 상속받다",,
fever,,"열, 열기, 흥분",,,
assign,,,"할당하다, 배정하다, 배치하다",,
deadline,,마감일,,,
litter,,"(버려진) 쓰레기, 잔해","(쓰레기 등을) 버리다, 어지럽히다",,
emphasize,,,강조하다,,
sigh,,"한숨, 한숨 소리",한숨 쉬다,,
recharge,,,재충전하다,,
misnomer,,"잘못된 명칭, 부적절하게 붙여진 이름",,,
rodent,,설치류,,,
minimize,,,"최소화하다, 축소하다",,
utilize,,,"활용하다, 이용하다",,
indispensable,"없어서는 안 될, 필수적인",,,,
limit,,제한,제한하다,,
submit,,,제출하다,,
invaluable,"귀중한, 매우 유용한",,,,
stain,,얼룩,"얼룩지다, 더럽히다",,
expire,,,"기한이 지나다, 만료되다, 끝나다",,
symbolize,,,상징하다,,
instrument,,"악기, 기기",,,
develop,,,"발전시키다, 개발하다",,
subscriber,,"구독자, (정기적인 비용을 지불하는 서비스) 이용자[가입자]",,,
uproot,,,"뿌리째 뽑다, 오래 살던 곳에서 떠나다",,
inaccessible,접근할 수 없는,,,,
sink,,"싱크대, 개수대",가라앉다,,
supplement,,"보조제, 첨가물",,,
checkup,,검진,,,
roam,,,"돌아다니다, 거닐다",,
notify,,,"알리다, 통지하다",,
priceless,"값진, 값을 매길 수 없는",,,,
potential,"잠재적인, 가능성이 있는","잠재력, 가능성",,,
wilderness,,"야생, 황야, 황무지",,,
consent,,"동의, 허",,,
essential,필수적인,"(보통 복수로) 필수 요소, 필수적인 것",,,
gear,,장비,,,
posture,,(특히 스포츠 경기 때의) 자세,,,
trail,,흔적,"(경기·대회에서) 지고 있다, 끌다, 추적하다",,
sensitive,민감한,,,,
mindful,신경을 쓰는,,,,
original,"원래의, 독창적인, 원본의","원본, 원작",,,
entry,,"출품작, 참가, 입장",,,
advanced,"첨단의, 개선된, 선진의, 상급의",,,,
shyness,,수줍음,,,
socialize,,,"어울리다, 사회화시키다, 사귀다",,
complement,,,보완하다,,
interact,,,상호 작용을 하다,,
drill,,"훈련, 반복 연습, 드릴, 송곳","반복 연습시키다, (드릴로) 구멍을 뚫다",,
appliance,,"가전제품, (가정용) 기기",,,
air,,"허공, 공중",방송되다,,
last,"지난, 마지막의",,"진행되다, 지속되다",,
expert,,전문가,,,
utensil,,"(주방) 도구, 식기류, 용구",,,
observation,,"관측, 관찰",,,
feed,,"(아기의) 우유, 먹이","먹이를 주다, 먹이다",,
exposure,,"노출, 폭로",,,
insufficient,불충분한,,,,
regulate,,,"조절하다, 통제하다",,
soak,,,"담그다, 만끽하다",,
twist,,,"삐다, 비틀다",,
committee,,위원회,,,
theme,,주제,,,
screen,,"칸막이, 화면","상영하다, 차단하다, 가리다",,
refugee,,난민,,,
transfer,,"환승, 이동","환승하다, 옮기다",,
layout,,"(책·정원·건물 등의) 배치, 레이아웃",,,
usage,,"사용량, 사용, 용법",,,
seriousness,,"심각성, 진지함",,,
acceptable,"받아들일 수 있는, 적합한",,,,
risk,,위험,"각오하다, 위험을 무릅쓰다",,
incident,,"사고, 사건",,,
overlook,,,간과하다,,
germ,,"세균, 병균",,,
damp,"젖은, 축축한",,,,
rating,,"평점, 평가, 등급",,,
dye,,"염료, 염색제",염색하다,,
remarkable,"놀라운, 주목할 만한",,,,
label,,"라벨, 표, 꼬리표","이름 붙이다, 라벨을 붙이다",,
thoroughly,,,,철저하게,
fatigue,,피로,,,
prestigious,명망 있는,,,,
separate,분리된,,"구분하다, 분리하다",,
direction,,방향,,,
defeat,,패배,"패배시키다, 물리치다",,
prohibit,,,금지하다,,
hazard,,"위험성, 재해",,,
remove,,,"제거하다, 치우다",,
temperature,,온도,,,
circulate,,,"순환시키다, 퍼지다, 유통하다",,
install,,,"설치하다, 설비하다",,
bulletin,,"게시, 회보",,,
complex,복잡한,복합 단지,,,
appointment,,"예약, 예약 일정, 약속",,,
immerse,,,"몰입하다, (액체 속에) 담그다",,
resistant,"방지하는, (~에) 강한, 저항하는",,,,
damage,,"피해, 손상","훼손하다, 피해를 입히다",,
generate,,,"발생시키다, 만들어 내다, 생산하다",,
nutrition,,"영양, 영양분",,,
glow,,,"(강한 감정 따위로) 가슴이 뿌듯하다, 빛나다",,
initiative,,"계획, 주도권",,,
tailor,,재단사,"맞추다, 조정하다",,
perspective,,"시각, 관점, 원근법",,,
distance,,"먼 곳, 거리",,,
carbohydrate,,탄수화물,,,
conscious,"신경을 쓰는, 의식의",,,,
educate,,,교육하다,,
ingredient,,재료,,,
heal,,,"낫다, 치료하다",,
outing,,"나들이, 소풍",,,
fare,,요금,,,
medicinal,약용의,,,,
rigorous,"격렬한, 엄격한",,,,
property,,"건물, 소유(물), 재산, 특성",,,
remedy,,"치유, 해결책",,,
anticipate,,,"기대하다, 예상하다",,
meditation,,"명상, 묵상",,,
rough,"거친, 난폭한",,,험하게,
errand,,"볼일, 심부름",,,
expense,,"경비, 비용",,,
pricey,비싼,,,,
confirm,,,"확인하다, 확정하다",,
stuffy,답답한,,,,
prototype,,"시제품, 원형",,,
overview,,"개요, 개관",,,
surround,,,"둘러싸다, 에워싸다",,
pharmacy,,"약국, 약학",,,
agriculture,,농업,,,
invitation,,초대(장),,,
finalize,,,"확정하다, 마무리하다, 완결하다",,
humidifier,,가습기,,,
mist,,"안개, 분무, 미스트",,,
dim,"희미한, 어둑한",,"어두워지다, 약해지다",,
rash,,발진,,,
extinction,,"멸종, 소멸",,,
persuasive,설득력 있는,,,,
star,,,"주연을 맡다, 주연을 맡기다",,
astronaut,,우주 비행사,,,
upcoming,"다가오는, 곧 있을",,,,
material,,"재료, 재질",,,
reminder,,상기시켜 주는 메모[것],,,
purifier,,정화 장치,,,
dispense,,,"내주다, (약사가 약을) 조제하다, 나누어 주다",,
outlet,,"배출구, 콘센트, 할인점",,,
subtitle,,자막,,,
